{
  "dataset": "scifact_standard",
  "timestamp": "2025-07-19T20:17:04.631308",
  "metrics": [
    "precision",
    "recall",
    "mrr",
    "ndcg",
    "map",
    "latency"
  ],
  "results": {
    "BM25": {
      "precision": 0.023624887285843096,
      "recall": 0.9427261797415089,
      "mrr": 0.17011607769046905,
      "ndcg": 0.1794112928250461,
      "map": 0.0,
      "latency": 109.85131345427284,
      "latency_p95": 127.60753631591795
    },
    "EfficientVector": {
      "precision": 0.02515779981965735,
      "recall": 0.9538172527802825,
      "mrr": 0.17705998540083298,
      "ndcg": 0.18707144090366162,
      "map": 0.0,
      "latency": 14.524257967770906,
      "latency_p95": 19.16837692260742
    }
  }
}