{
  "dataset": "nfcorpus",
  "timestamp": "2025-07-17T03:00:51.203510",
  "metrics": [
    "precision",
    "recall",
    "mrr",
    "ndcg",
    "f1",
    "latency"
  ],
  "results": {
    "BM25": {
      "precision": 0.04,
      "recall": 0.8177884615384615,
      "mrr": 0.12,
      "ndcg": 0.04480300279758385,
      "f1": 0.024358974358974363,
      "latency": 27.868270874023438,
      "latency_p95": 29.338157176971436
    },
    "Dense": {
      "precision": 0.01,
      "recall": 0.80625,
      "mrr": 0.1,
      "ndcg": 0.022009176629808017,
      "f1": 0.007692307692307693,
      "latency": 31.316399574279785,
      "latency_p95": 65.86537361145017
    },
    "EfficientVector": {
      "precision": 0.01,
      "recall": 0.80625,
      "mrr": 0.1,
      "ndcg": 0.022009176629808017,
      "f1": 0.007692307692307693,
      "latency": 8.658146858215332,
      "latency_p95": 11.114358901977536
    },
    "SemanticBM25": {
      "precision": 0.02,
      "recall": 0.8100961538461539,
      "mrr": 0.1125,
      "ndcg": 0.028952298823485746,
      "f1": 0.013247863247863248,
      "latency": 40978.33077907562,
      "latency_p95": 41937.75759935379
    },
    "Cascade": {
      "precision": 0.02,
      "recall": 0.8125,
      "mrr": 0.1,
      "ndcg": 0.028634598975246922,
      "f1": 0.015384615384615385,
      "latency": 4185.16321182251,
      "latency_p95": 4344.08073425293
    },
    "AdaptiveHybrid": {
      "precision": 0.01,
      "recall": 0.80625,
      "mrr": 0.1,
      "ndcg": 0.022009176629808017,
      "f1": 0.007692307692307693,
      "latency": 42697.44694232941,
      "latency_p95": 43269.233989715576
    }
  }
}