{
  "trec-covid": {
    "RRF": {
      "precision": 0.7820000000000001,
      "recall": 0.006461077511160175,
      "mrr": 0.96,
      "ndcg": 0.8110409900786857
    },
    "LinearEqual": {
      "precision": 0.774,
      "recall": 0.006373921426434357,
      "mrr": 0.94,
      "ndcg": 0.7951543748016037
    },
    "LinearOptimized": {
      "precision": 0.698,
      "recall": 0.005782339062266349,
      "mrr": 0.8463333333333333,
      "ndcg": 0.7059549017214118
    }
  }
}