{
  "fiqa": {
    "RRF": {
      "precision": 0.05500000000000001,
      "recall": 0.2022619047619047,
      "mrr": 0.27825396825396825,
      "ndcg": 0.1911629242049382
    },
    "LinearEqual": {
      "precision": 0.06000000000000001,
      "recall": 0.2147619047619047,
      "mrr": 0.27325396825396825,
      "ndcg": 0.19294056182644034
    },
    "LinearOptimized": {
      "precision": 0.03,
      "recall": 0.13095238095238096,
      "mrr": 0.05,
      "ndcg": 0.06400560474314348
    }
  },
  "quora": {
    "RRF": {
      "precision": 0.1015748031496063,
      "recall": 0.7777465316835395,
      "mrr": 0.7019622547181601,
      "ndcg": 0.6903980463722207
    },
    "LinearEqual": {
      "precision": 0.10393700787401575,
      "recall": 0.7921822272215974,
      "mrr": 0.6997250343707037,
      "ndcg": 0.692909817775239
    },
    "LinearOptimized": {
      "precision": 0.08346456692913384,
      "recall": 0.6713067116610424,
      "mrr": 0.1460723659542557,
      "ndcg": 0.2649178324059486
    }
  },
  "scidocs": {
    "RRF": {
      "precision": 0.09300000000000001,
      "recall": 0.03103448275862069,
      "mrr": 0.31919841269841265,
      "ndcg": 0.11471277333280014
    },
    "LinearEqual": {
      "precision": 0.0895,
      "recall": 0.02985632183908046,
      "mrr": 0.3227103174603175,
      "ndcg": 0.1136055688254701
    },
    "LinearOptimized": {
      "precision": 0.0915,
      "recall": 0.030534482758620692,
      "mrr": 0.3438730158730159,
      "ndcg": 0.1184208904377342
    }
  },
  "nfcorpus": {
    "RRF": {
      "precision": 0.28695652173913044,
      "recall": 0.24417291018418238,
      "mrr": 0.6492753623188406,
      "ndcg": 0.4221956161229934
    },
    "LinearEqual": {
      "precision": 0.29130434782608694,
      "recall": 0.24036170928918418,
      "mrr": 0.6420289855072463,
      "ndcg": 0.41895549763978024
    },
    "LinearOptimized": {
      "precision": 0.2826086956521739,
      "recall": 0.23966773310381206,
      "mrr": 0.6420289855072464,
      "ndcg": 0.4166805057230163
    }
  },
  "scifact": {
    "RRF": {
      "precision": 0.10576923076923074,
      "recall": 0.8971153846153845,
      "mrr": 0.7173611111111111,
      "ndcg": 0.7521877504304544
    },
    "LinearEqual": {
      "precision": 0.10576923076923074,
      "recall": 0.8826923076923077,
      "mrr": 0.7364239926739926,
      "ndcg": 0.7703859376134669
    },
    "LinearOptimized": {
      "precision": 0.10769230769230766,
      "recall": 0.9019230769230769,
      "mrr": 0.7040521978021977,
      "ndcg": 0.7497270158836444
    }
  },
  "arguana": {
    "RRF": {
      "precision": 0.08049999999999999,
      "recall": 0.805,
      "mrr": 0.25735515873015874,
      "ndcg": 0.3885860681016945
    },
    "LinearEqual": {
      "precision": 0.07799999999999999,
      "recall": 0.78,
      "mrr": 0.264640873015873,
      "ndcg": 0.3894214356908726
    },
    "LinearOptimized": {
      "precision": 0.076,
      "recall": 0.76,
      "mrr": 0.2542162698412699,
      "ndcg": 0.3764609240662689
    }
  }
}