{
  "nfcorpus": {
    "RRF": {
      "precision": 0.265625,
      "recall": 0.2015500863406748,
      "mrr": 0.5916666666666667,
      "ndcg": 0.37432141759152004
    },
    "LinearEqual": {
      "precision": 0.26875000000000004,
      "recall": 0.19881078569739485,
      "mrr": 0.5874999999999999,
      "ndcg": 0.37111068270636194
    },
    "LinearOptimized": {
      "precision": 0.2625,
      "recall": 0.19831199031415864,
      "mrr": 0.6083333333333334,
      "ndcg": 0.37299824700903306
    }
  },
  "scifact": {
    "RRF": {
      "precision": 0.10422535211267603,
      "recall": 0.8917840375586855,
      "mrr": 0.6980605857366422,
      "ndcg": 0.7336558979535417
    },
    "LinearEqual": {
      "precision": 0.10422535211267603,
      "recall": 0.8812206572769954,
      "mrr": 0.7346579476861167,
      "ndcg": 0.7643924591100194
    },
    "LinearOptimized": {
      "precision": 0.10563380281690136,
      "recall": 0.8953051643192489,
      "mrr": 0.7003073999552872,
      "ndcg": 0.7410557005401818
    }
  },
  "arguana": {
    "RRF": {
      "precision": 0.079,
      "recall": 0.79,
      "mrr": 0.2657632275132275,
      "ndcg": 0.39255880724328507
    },
    "LinearEqual": {
      "precision": 0.07833333333333332,
      "recall": 0.7833333333333333,
      "mrr": 0.2710568783068783,
      "ndcg": 0.3956772321022136
    },
    "LinearOptimized": {
      "precision": 0.07733333333333332,
      "recall": 0.7733333333333333,
      "mrr": 0.2581428571428572,
      "ndcg": 0.3827515833900202
    }
  }
}