{
  "fiqa": {
    "RRF": {
      "precision": 0.05714285714285715,
      "recall": 0.20238095238095236,
      "mrr": 0.3174603174603175,
      "ndcg": 0.1916012852006387
    },
    "LinearEqual": {
      "precision": 0.07142857142857142,
      "recall": 0.23809523809523808,
      "mrr": 0.3158730158730159,
      "ndcg": 0.20691987690371785
    },
    "LinearOptimized": {
      "precision": 0.028571428571428574,
      "recall": 0.11904761904761904,
      "mrr": 0.05952380952380952,
      "ndcg": 0.060073540474101676
    }
  },
  "quora": {
    "RRF": {
      "precision": 0.09642857142857145,
      "recall": 0.7529761904761905,
      "mrr": 0.669047619047619,
      "ndcg": 0.6623692276997962
    },
    "LinearEqual": {
      "precision": 0.1035714285714286,
      "recall": 0.8154761904761905,
      "mrr": 0.6628968253968254,
      "ndcg": 0.6740130978480049
    },
    "LinearOptimized": {
      "precision": 0.07142857142857144,
      "recall": 0.6071428571428571,
      "mrr": 0.12791950113378686,
      "ndcg": 0.23319539889646315
    }
  },
  "scidocs": {
    "RRF": {
      "precision": 0.11,
      "recall": 0.03668965517241379,
      "mrr": 0.2938571428571429,
      "ndcg": 0.12462810297970421
    },
    "LinearEqual": {
      "precision": 0.102,
      "recall": 0.034,
      "mrr": 0.2895238095238095,
      "ndcg": 0.12093818185364462
    },
    "LinearOptimized": {
      "precision": 0.10400000000000001,
      "recall": 0.0346896551724138,
      "mrr": 0.32572222222222225,
      "ndcg": 0.1265816324455761
    }
  }
}