{
  "nfcorpus": {
    "RRF": {
      "precision": 0.2222222222222222,
      "recall": 0.2021388623909915,
      "mrr": 0.6222222222222222,
      "ndcg": 0.3228406444116011
    },
    "LinearEqual": {
      "precision": 0.2222222222222222,
      "recall": 0.18210262092938023,
      "mrr": 0.5851851851851853,
      "ndcg": 0.3061744774021526
    },
    "LinearOptimized": {
      "precision": 0.2111111111111111,
      "recall": 0.1821809780852811,
      "mrr": 0.5296296296296297,
      "ndcg": 0.29416667046867273
    }
  },
  "scifact": {
    "RRF": {
      "precision": 0.09523809523809526,
      "recall": 0.8333333333333334,
      "mrr": 0.6285714285714286,
      "ndcg": 0.6656866576379867
    },
    "LinearEqual": {
      "precision": 0.09523809523809526,
      "recall": 0.8333333333333334,
      "mrr": 0.6266439909297052,
      "ndcg": 0.6694282961528616
    },
    "LinearOptimized": {
      "precision": 0.10000000000000002,
      "recall": 0.8809523809523809,
      "mrr": 0.5671768707482994,
      "ndcg": 0.6345020977232515
    }
  },
  "arguana": {
    "RRF": {
      "precision": 0.07999999999999999,
      "recall": 0.8,
      "mrr": 0.259484126984127,
      "ndcg": 0.38926707628423424
    },
    "LinearEqual": {
      "precision": 0.07699999999999997,
      "recall": 0.77,
      "mrr": 0.2654563492063492,
      "ndcg": 0.38787309865391445
    },
    "LinearOptimized": {
      "precision": 0.07599999999999998,
      "recall": 0.76,
      "mrr": 0.25809126984126984,
      "ndcg": 0.3792832472501127
    }
  }
}