{
  "fiqa": {
    "RRF": {
      "precision": 0.04814814814814815,
      "recall": 0.22389770723104055,
      "mrr": 0.2801881246325691,
      "ndcg": 0.21567624015180606
    },
    "LinearEqual": {
      "precision": 0.05185185185185186,
      "recall": 0.23315696649029982,
      "mrr": 0.2764844209288654,
      "ndcg": 0.21699300876032618
    },
    "LinearOptimized": {
      "precision": 0.02962962962962963,
      "recall": 0.1710758377425044,
      "mrr": 0.05555555555555555,
      "ndcg": 0.0791229363692923
    }
  },
  "quora": {
    "RRF": {
      "precision": 0.10210526315789473,
      "recall": 0.7821867167919798,
      "mrr": 0.7112447786131997,
      "ndcg": 0.6984483939419712
    },
    "LinearEqual": {
      "precision": 0.10368421052631578,
      "recall": 0.7918358395989975,
      "mrr": 0.707562656641604,
      "ndcg": 0.6971681223287878
    },
    "LinearOptimized": {
      "precision": 0.08526315789473682,
      "recall": 0.68437343358396,
      "mrr": 0.14609440267335003,
      "ndcg": 0.2686564649103718
    }
  },
  "scidocs": {
    "RRF": {
      "precision": 0.09766666666666667,
      "recall": 0.032609195402298854,
      "mrr": 0.32573677248677246,
      "ndcg": 0.12020474162338701
    },
    "LinearEqual": {
      "precision": 0.09766666666666665,
      "recall": 0.032601532567049805,
      "mrr": 0.3371044973544973,
      "ndcg": 0.12324299059888356
    },
    "LinearOptimized": {
      "precision": 0.10166666666666666,
      "recall": 0.03394252873563218,
      "mrr": 0.3600026455026455,
      "ndcg": 0.12965399373216557
    }
  }
}