{
  "nfcorpus": {
    "BM25": {
      "precision": 0.06,
      "recall": 0.823076923076923,
      "mrr": 0.04,
      "ndcg": 0.045587652335551655,
      "latency": 28.998184204101562,
      "latency_p95": 30.498123168945312
    }
  }
}