{
  "fiqa": {
    "metrics": {
      "precision": 0.05500000000000001,
      "recall": 0.2022619047619047,
      "mrr": 0.27825396825396825,
      "ndcg": 0.1911629242049382
    },
    "statistics": {
      "total_queries": 200,
      "strategy_usage": {
        "rrf_semantic_long": 29,
        "rrf_long_query": 71,
        "rrf_keyword": 17,
        "rrf_very_long": 59,
        "rrf_entity": 9,
        "rrf_semantic_short": 15
      },
      "query_type_distribution": {
        "semantic": 156,
        "keyword": 27,
        "entity": 17
      }
    }
  },
  "quora": {
    "metrics": {
      "precision": 0.1015748031496063,
      "recall": 0.7777465316835395,
      "mrr": 0.7019622547181601,
      "ndcg": 0.6903980463722207
    },
    "statistics": {
      "total_queries": 200,
      "strategy_usage": {
        "rrf_long_query": 73,
        "rrf_semantic_short": 29,
        "rrf_very_long": 33,
        "rrf_semantic_long": 56,
        "rrf_entity": 9
      },
      "query_type_distribution": {
        "semantic": 191,
        "entity": 9
      }
    }
  },
  "scidocs": {
    "metrics": {
      "precision": 0.09300000000000001,
      "recall": 0.03103448275862069,
      "mrr": 0.3186150793650793,
      "ndcg": 0.11460276149558796
    },
    "statistics": {
      "total_queries": 200,
      "strategy_usage": {
        "rrf_long_query": 84,
        "rrf_very_long": 34,
        "rrf_entity": 58,
        "rrf_keyword": 24
      },
      "query_type_distribution": {
        "entity": 147,
        "keyword": 51,
        "semantic": 2
      }
    }
  },
  "nfcorpus": {
    "metrics": {
      "precision": 0.28695652173913044,
      "recall": 0.24417291018418238,
      "mrr": 0.6492753623188406,
      "ndcg": 0.4221956161229934
    },
    "statistics": {
      "total_queries": 200,
      "strategy_usage": {
        "rrf_keyword": 111,
        "rrf_entity": 67,
        "rrf_semantic_long": 11,
        "rrf_long_query": 7,
        "rrf_semantic_short": 2,
        "rrf_very_long": 2
      },
      "query_type_distribution": {
        "keyword": 111,
        "entity": 69,
        "semantic": 20
      }
    }
  },
  "scifact": {
    "metrics": {
      "precision": 0.10576923076923074,
      "recall": 0.8971153846153845,
      "mrr": 0.7173611111111111,
      "ndcg": 0.7521877504304544
    },
    "statistics": {
      "total_queries": 200,
      "strategy_usage": {
        "rrf_long_query": 68,
        "rrf_keyword": 44,
        "rrf_entity": 6,
        "rrf_very_long": 82
      },
      "query_type_distribution": {
        "entity": 64,
        "keyword": 136
      }
    }
  },
  "arguana": {
    "metrics": {
      "precision": 0.08049999999999999,
      "recall": 0.805,
      "mrr": 0.25733531746031746,
      "ndcg": 0.38856890022456525
    },
    "statistics": {
      "total_queries": 200,
      "strategy_usage": {
        "rrf_very_long": 200
      },
      "query_type_distribution": {
        "entity": 151,
        "keyword": 20,
        "semantic": 29
      }
    }
  }
}