{
  "fiqa": {
    "metrics": {
      "precision": 0.05555555555555555,
      "recall": 0.21296296296296294,
      "mrr": 0.26913580246913577,
      "ndcg": 0.17537852324152967
    },
    "statistics": {
      "total_queries": 100,
      "strategy_usage": {
        "rrf_fusion": 90,
        "vector_dominant": 6,
        "vector_weighted": 2,
        "bm25_dominant": 2
      },
      "query_type_distribution": {
        "semantic": 75,
        "keyword": 16,
        "entity": 9
      }
    }
  },
  "quora": {
    "metrics": {
      "precision": 0.09322033898305085,
      "recall": 0.6995560936238903,
      "mrr": 0.6359429647565241,
      "ndcg": 0.6179491467732079
    },
    "statistics": {
      "total_queries": 100,
      "strategy_usage": {
        "rrf_fusion": 95,
        "vector_dominant": 5
      },
      "query_type_distribution": {
        "semantic": 100
      }
    }
  },
  "scidocs": {
    "metrics": {
      "precision": 0.10100000000000002,
      "recall": 0.03372413793103448,
      "mrr": 0.33451190476190473,
      "ndcg": 0.12580316675746786
    },
    "statistics": {
      "total_queries": 100,
      "strategy_usage": {
        "rrf_fusion": 89,
        "vector_weighted": 9,
        "bm25_dominant": 1,
        "vector_dominant": 1
      },
      "query_type_distribution": {
        "entity": 75,
        "keyword": 23,
        "semantic": 2
      }
    }
  }
}