{
  "nfcorpus": {
    "metrics": {
      "precision": 0.21666666666666667,
      "recall": 0.04320829358648722,
      "mrr": 0.5833333333333334,
      "ndcg": 0.2580927666641913
    },
    "statistics": {
      "total_queries": 50,
      "strategy_usage": {
        "rrf_keyword": 33,
        "rrf_entity": 13,
        "rrf_semantic_long": 3,
        "rrf_long_query": 1
      },
      "query_type_distribution": {
        "keyword": 33,
        "entity": 13,
        "semantic": 4
      }
    }
  }
}