{
  "fiqa": {
    "BM25": {
      "precision": 0.007000000000000001,
      "recall": 0.9366666666666665,
      "mrr": 0.027333333333333334,
      "ndcg": 0.020790245422650417,
      "map": 0.0,
      "latency": 851.2685418128967,
      "latency_p95": 997.3615765571594
    },
    "EfficientVector": {
      "precision": 0.009000000000000001,
      "recall": 0.9466666666666665,
      "mrr": 0.04166666666666666,
      "ndcg": 0.03287753075339424,
      "map": 0.0,
      "latency": 15.447351932525635,
      "latency_p95": 18.185222148895264
    }
  },
  "quora": {
    "BM25": {
      "precision": 0.068,
      "recall": 0.8939285714285714,
      "mrr": 0.4150833333333333,
      "ndcg": 0.4185762776279534,
      "map": 0.0,
      "latency": 2767.8727412223816,
      "latency_p95": 3697.355687618255
    },
    "EfficientVector": {
      "precision": 0.075,
      "recall": 0.9355952380952379,
      "mrr": 0.48,
      "ndcg": 0.4815229865755038,
      "map": 0.0,
      "latency": 18.52137327194214,
      "latency_p95": 24.5603084564209
    }
  },
  "scidocs": {
    "BM25": {
      "precision": 0.083,
      "recall": 0.027712643678160922,
      "mrr": 0.25999999999999995,
      "ndcg": 0.1579132578581234,
      "map": 0.0,
      "latency": 459.4449853897095,
      "latency_p95": 520.4614043235779
    },
    "EfficientVector": {
      "precision": 0.09,
      "recall": 0.03004597701149425,
      "mrr": 0.34114682539682534,
      "ndcg": 0.18749332845768824,
      "map": 0.0,
      "latency": 15.739552974700928,
      "latency_p95": 22.55175113677978
    }
  }
}