{
  "dataset": "nfcorpus_standard",
  "timestamp": "2025-07-17T20:44:34.429678",
  "metrics": [
    "precision",
    "recall",
    "mrr",
    "ndcg",
    "latency"
  ],
  "results": {
    "BM25": {
      "precision": 0.06,
      "recall": 0.823076923076923,
      "mrr": 0.04,
      "ndcg": 0.045587652335551655,
      "latency": 27.222061157226562,
      "latency_p95": 28.851890563964844
    },
    "EfficientVector": {
      "precision": 0.0,
      "recall": 0.8,
      "mrr": 0.0,
      "ndcg": 0.0,
      "latency": 27.44922637939453,
      "latency_p95": 51.59611701965332
    }
  }
}