{
  "dataset": "nfcorpus_standard",
  "timestamp": "2025-07-19T20:14:45.033933",
  "metrics": [
    "precision",
    "recall",
    "mrr",
    "ndcg",
    "map",
    "latency"
  ],
  "results": {
    "BM25": {
      "precision": 0.028233324016456545,
      "recall": 0.91457915032606,
      "mrr": 0.05133782995228778,
      "ndcg": 0.030613952086532017,
      "map": 0.0,
      "latency": 69.14904289198466,
      "latency_p95": 76.76229476928711
    },
    "EfficientVector": {
      "precision": 0.02635156008649985,
      "recall": 0.9174313314455872,
      "mrr": 0.05669638259999706,
      "ndcg": 0.03587313957058147,
      "map": 0.0,
      "latency": 14.2277971549943,
      "latency_p95": 17.702817916870114
    }
  }
}