{
  "dataset": "nfcorpus_optimized",
  "timestamp": "2025-07-17T20:59:55.773511",
  "metrics": [
    "precision",
    "recall",
    "mrr",
    "ndcg",
    "latency"
  ],
  "results": {
    "BM25": {
      "precision": 0.06,
      "recall": 0.823076923076923,
      "mrr": 0.04,
      "ndcg": 0.045587652335551655,
      "latency": 28.998184204101562,
      "latency_p95": 30.498123168945312
    }
  }
}