{
  "dataset": "fiqa_standard",
  "timestamp": "2025-07-19T20:39:58.667210",
  "metrics": [
    "precision",
    "recall",
    "mrr",
    "ndcg",
    "map",
    "latency"
  ],
  "results": {
    "BM25": {
      "precision": 0.007000000000000001,
      "recall": 0.9366666666666665,
      "mrr": 0.027333333333333334,
      "ndcg": 0.020790245422650417,
      "map": 0.0,
      "latency": 851.2685418128967,
      "latency_p95": 997.3615765571594
    },
    "EfficientVector": {
      "precision": 0.009000000000000001,
      "recall": 0.9466666666666665,
      "mrr": 0.04166666666666666,
      "ndcg": 0.03287753075339424,
      "map": 0.0,
      "latency": 15.447351932525635,
      "latency_p95": 18.185222148895264
    }
  }
}